<?xml version="1.0" encoding="ISO-8859-1"?>
<metadata>
<idinfo>
<citation>
<citeinfo>
<origin>
National Oceanic and Atmospheric Administration, Tropical Prediction
Center/National Hurricane Center
</origin>
<pubdate>2006005</pubdate>
<title>Historical North Atlantic Tropical Cyclone Tracks 1851-2005, Geographic NAD83, NOAA (2006) [atlantic_hurricane_tracks_1851_2005_NOAA_2006]</title>
<geoform>vector digital data</geoform>
<pubinfo>
<pubplace>Charleston, SC</pubplace>
<publish>National Oceanic and Atmospheric Administration Coastal Services Center</publish>
</pubinfo>
<onlink>http://lagic.lsu.edu/data/losco/atlantic_hurricane_tracks_1851_2005_NOAA_2006.zip</onlink>
</citeinfo>
</citation>
<descript>
<abstract>This Historical North Atlantic Tropical Cyclone Tracks file contains the 6-hourly (0000, 0600, 1200, 1800 UTC) center locations and intensities for all subtropical depressions and storms, extratropical storms, tropical lows, waves, disturbances, depressions and storms, and all hurricanes, from 1851 through 2005.</abstract>
<purpose>
These data are intended for geographic display and analysis at the
national level, and for large regional areas.  The data should be
displayed and analyzed at scales appropriate for 1:2,000,000-scale data.
No responsibility is assumed by the National Oceanic and Atmospheric
Administration in the use of these data.
</purpose>
<supplinf>
An ASCII format version of the Historical Atlantic Tropical Cyclone Tracks
file is available at &lt;http://www.nhc.noaa.gov/pastall.shtml&gt;.

For more information on the Saffir-Simpson Hurricane Scale, please see
&lt;http://www.nhc.noaa.gov/aboutsshs.shtml&gt;.

For more information on tropical cyclone advisories, please see
&lt;http://www.nhc.noaa.gov/HAW2/english/forecast/forecast_products.shtml&gt;.

General information on subtropical and tropical cyclones is available from
the National Oceanic and Atmospheric Administration, Atlantic
Oceanographic and Meteorological Laboratory, Hurricane Research Division
FAQ page at &lt;http://www.aoml.noaa.gov/hrd/tcfaq/tcfaqHED.html&gt;, and from
the National Hurricane Center Hurricane Basics page at
&lt;http://www.nhc.noaa.gov/HAW2/english/basics.shtml&gt;.
</supplinf>
</descript>
<timeperd>
<timeinfo>
<rngdates>
<begdate>18510625</begdate>
<enddate>20060107</enddate>
</rngdates>
</timeinfo>
<current>ground condition</current>
</timeperd>
<status>
<progress>Complete</progress>
<update>Annually</update>
</status>
<spdom>
<bounding>
<westbc>-109.300000</westbc>
<eastbc>13.500000</eastbc>
<northbc>70.700000</northbc>
<southbc>7.200000</southbc>
</bounding>
</spdom>
<keywords>
<theme>
<themekt>None</themekt>
<themekey>Hurricanes</themekey>
<themekey>Historical hurricanes</themekey>
<themekey>Hurricane tracks</themekey>
<themekey>Historical hurricane tracks</themekey>
<themekey>Tropical storms</themekey>
<themekey>Subtropical storms</themekey>
<themekey>Subtropical depressions</themekey>
<themekey>Tropical depressions</themekey>
<themekey>Tropical disturbances</themekey>
<themekey>Tropical waves</themekey>
<themekey>Tropical lows</themekey>
<themekey>Extratropical storms</themekey>
<themekey>Major hurricanes</themekey>
<themekey>Intense hurricanes</themekey>
<themekey>Tropical storm tracks</themekey>
<themekey>Historical tropical cyclone tracks</themekey>
<themekey>Tropical cyclones</themekey>
<themekey>Subtropical cyclones</themekey>
<themekey>Geophysical</themekey>
</theme>
<place>
<placekt>None</placekt>
<placekey>United States</placekey>
<placekey>Atlantic</placekey>
<placekey>North Atlantic Basin</placekey>
<placekey>Gulf of Mexico</placekey>
<placekey>Caribbean Sea</placekey>
</place>
</keywords>
<accconst>None</accconst>
<useconst>
None.  Acknowledgement of the National Oceanic and Atmospheric
Administration, Tropical Prediction Center/National Hurricane Center,
and (or) the NOAA Coastal Services Center would be appreciated in
products derived from these data.
</useconst>
<ptcontac>
<cntinfo>
<cntorgp>
<cntorg>NOAA Coastal Services Center</cntorg>
</cntorgp>
<cntpos>Clearinghouse Manager</cntpos>
<cntaddr>
<addrtype>Mailing and physical address</addrtype>
<address>2234 South Hobson Avenue</address>
<city>Charleston</city>
<state>SC</state>
<postal>29405-2413</postal>
<country>USA</country>
</cntaddr>
<cntvoice>843-740-1200</cntvoice>
<cntfax>843-740-1315</cntfax>
<cntemail>clearinghouse@csc.noaa.gov</cntemail>
<hours>Monday - Friday 8:00 AM - 5:00 PM Eastern Time</hours>
</cntinfo>
</ptcontac>
<browse>
<browsen>&lt;URL: atlantic_hurricane_tracks_1851_2005_NOAA_2006.gif&gt;</browsen>
<browset>GIF</browset>
</browse>
<native>Microsoft Windows XP Version 5.1 (Build 2600) Service Pack 2; ESRI ArcCatalog 9.2.0.1324</native>
</idinfo>
<dataqual>
<attracc>
<attraccr>
Specific accuracy information can be found in Neumann, C.J., B.R.
Jarvinen, C.J. McAdie and G.R. Hammer, 1999: Tropical Cyclones of the
North Atlantic Ocean, 1871-1999 (fifth revision).  NCDC/NHC Historical
Climatology Series 6-2, pp.11-14.  Similar standards and techniques were
applied to the post-1999 data.
</attraccr>
</attracc>
<logic>
Over-water portions of storm tracks before 1944 are subject to considerable
uncertainties.  Aircraft reconnaissance of storms near critical areas was
introduced in 1944, and continuous weather satellite surveillance was
introduced in the mid-1960s.  These two developments mean that more recent
storm records have a higher degree of accuracy than those prior to 1944.
No tests for logical consistency have been performed on this data set.
</logic>
<complete>
This data set includes all known Atlantic Basin (Gulf of Mexico, Caribbean
Sea, and North Atlantic Ocean) tropical cyclones between 1851 and 2005.  The
term tropical cyclone as used here refers to subtropical depressions and
storms, tropical depressions and storms, and all categories of hurricanes
from Category 1 to Category 5.  This dataset also includes hybrid systems
such as tropical lows, waves, subtropical depressions and storms, as well
as extratropical storms.
</complete>
<posacc>
<horizpa>
<horizpar>
Over-water portions of storm tracks before 1944 are subject to
considerable uncertainties.  Aircraft reconnaissance of storms near
critical areas was introduced in 1944, and continuous weather satellite
surveillance was introduced in the mid-1960s.  These two developments
allow a high degree of probability that more recent storm center
locations were determined with a reasonable degree of accuracy.
</horizpar>
</horizpa>
</posacc>
<lineage>
<srcinfo>
<srccite>
<citeinfo>
<origin>
National Oceanic and Atmospheric Administration, Tropical Prediction
Center/National Hurricane Center
</origin>
<pubdate>200605</pubdate>
<title>Atlantic Tracks File</title>
<edition>2005</edition>
<geoform>Map</geoform>
<pubinfo>
<pubplace>Miami, FL</pubplace>
<publish>NOAA National Hurricane Center</publish>
</pubinfo>
<onlink>&lt;http://www.nhc.noaa.gov/pastall.shtml&gt;</onlink>
</citeinfo>
</srccite>
<typesrc>Online</typesrc>
<srctime>
<timeinfo>
<rngdates>
<begdate>1851</begdate>
<enddate>2006</enddate>
</rngdates>
</timeinfo>
<srccurr>ground condition</srccurr>
</srctime>
<srccitea>natlhurtrack</srccitea>
<srccontr>Spatial and attribute information.</srccontr>
</srcinfo>
<procstep>
<procdesc>
Historical track information was downloaded from the National Hurricane
Center&apos;s Web site.  The textual information was formatted using a PERL
script written by the NOAA Coastal Services Center.  The file was then
brought into ArcGIS as a table and converted to a shapefile with
attributes using a custom Visual Basic extension.
</procdesc>
<srcused>natlhurtrack</srcused>
<procdate>20060512</procdate>
<proccont>
<cntinfo>
<cntorgp>
<cntorg>NOAA Coastal Services Center</cntorg>
</cntorgp>
<cntaddr>
<addrtype>Mailing and physical address</addrtype>
<address>2234 South Hobson Avenue</address>
<city>Charleston</city>
<state>SC</state>
<postal>29405-2413</postal>
<country>USA</country>
</cntaddr>
<cntvoice>843-740-1200</cntvoice>
<cntfax>843-740-1315</cntfax>
<cntemail>clearinghouse@csc.noaa.gov</cntemail>
<hours>Monday - Friday 8:00 AM - 5:00 PM Eastern Time</hours>
</cntinfo>
</proccont>
</procstep>
</lineage>
</dataqual>
<spdoinfo>
<direct>Vector</direct>
<ptvctinf>
<sdtsterm>
<sdtstype>String</sdtstype>
<ptvctcnt>37234</ptvctcnt>
</sdtsterm>
</ptvctinf>
</spdoinfo>
<spref>
<horizsys>
<geograph>
<latres>0.000000</latres>
<longres>0.000000</longres>
<geogunit>Decimal degrees</geogunit>
</geograph>
<geodetic>
<horizdn>North American Datum of 1983</horizdn>
<ellips>Geodetic Reference System 80</ellips>
<semiaxis>6378137.000000</semiaxis>
<denflat>298.257222</denflat>
</geodetic>
</horizsys>
</spref>
<eainfo>
<detailed>
<enttyp>
<enttypl>atlantic_hurricane_tracks_1851_2005_NOAA_2006</enttypl>
<enttypd>
The path followed by the center of a subtropical or tropical cyclone or
related storm.  A subtropical cyclone is a low pressure system that
develops over subtropical waters and that initially has a non-tropical
circulation but in which some elements of tropical cyclone cloud
structure are present.  Subtropical cyclones can evolve into tropical
cyclones.  A tropical cyclone is a warm-core, non-frontal low-pressure
system that develops over tropical or subtropical waters, covering a
large region and with organized convection (i.e. thunderstorm activity)
and definite cyclonic (counter-clockwise circular) surface wind
circulation.  Related storms are those that develop into subtropical or
tropical cyclones or develop from them, such as tropical disturbances,
lows, waves, and extratropical storms.
</enttypd>
<enttypds>
National Oceanic and Atmospheric Administration, Tropical Prediction
Center/National Hurricane Center
</enttypds>
</enttyp>
<attr>
<attrlabl>Basin</attrlabl>
<attrdef>The oceanic basin where the storm occurred.</attrdef>
<attrdefs>
National Oceanic and Atmospheric Administration, NOAA Coastal Services
Center
</attrdefs>
<attrdomv></attrdomv>
</attr>
<attr>
<attrlabl>Shape</attrlabl>
<attrdef>The representation of the entity in the data.</attrdef>
<attrdefs>U.S. Geological Survey</attrdefs>
<attrdomv>
<edom>
<edomv>PolyLine</edomv>
<edomvd>
1-dimensional element that may or may not surround a 2-
dimensional element.
</edomvd>
<edomvds>ESRI GIS software</edomvds>
</edom>
</attrdomv>
</attr>
<attr>
<attrlabl>AD_TIME</attrlabl>
</attr>
<attr>
<attrlabl>BTID</attrlabl>
</attr>
<attr>
<attrlabl>NAME</attrlabl>
</attr>
<attr>
<attrlabl>LAT</attrlabl>
</attr>
<attr>
<attrlabl>WIND_KTS</attrlabl>
</attr>
<attr>
<attrlabl>PRESSURE</attrlabl>
</attr>
<attr>
<attrlabl>CAT</attrlabl>
</attr>
<attr>
<attrlabl>Ad_Time</attrlabl>
<attrdef>
The storm advisory time.  Times are in Zulu (a.k.a., Universal Time-UTC,
Greenwich Mean Time-GMT) starting with 0000Z and ending with 1800Z.
</attrdef>
<attrdefs>
National Oceanic and Atmospheric Administration, Tropical Prediction
Center/National Hurricane Center
</attrdefs>
<attrdomv>
<rdom>
<rdommin>0000Z</rdommin>
<rdommax>1800Z</rdommax>
</rdom>
</attrdomv>
</attr>
<attr>
<attrlabl>Name</attrlabl>
<attrdef>
The given name of a storm.  Storms are named if they are true tropical
storms and attain a sustained wind speed of at least 39 mph.
</attrdef>
<attrdefs>
National Oceanic and Atmospheric Administration, Tropical Prediction
Center/National Hurricane Center
</attrdefs>
<attrdomv>
<codesetd>
<codesetn>World-Wide Tropical Cyclone Names</codesetn>
<codesets>World Meteorological Organization</codesets>
</codesetd>
</attrdomv>
<attrdomv>
<edom>
<edomv>Not Named</edomv>
<edomvd>
There is no given name for the storm.  Prior to 1950 storms were not
named.
</edomvd>
<edomvds>
National Oceanic and Atmospheric Administration, Tropical Prediction
Center/National Hurricane Center
</edomvds>
</edom>
</attrdomv>
<attrdomv>
<edom>
<edomv>Subtrop</edomv>
<edomvd>
There is no given name for the storm because it was classified as a
subtropical depression or subtropical storm.
</edomvd>
<edomvds>
National Oceanic and Atmospheric Administration, Tropical Prediction
Center/National Hurricane Center
</edomvds>
</edom>
</attrdomv>
<attrdomv>
<edom>
<edomv>Subtrop1</edomv>
<edomvd>
There is no given name for the storm because it was classified as a
subtropical depression or subtropical storm.  Subtrop1 is the first
subtropical cyclone for a given year.  A storm may initially be
identified as Subtrop1 but then be given a name if it develops into
a tropical storm; in this case there will be no storm identified as
Subtrop1 for the year even though there may be a storm identified as
Subtrop2.
</edomvd>
<edomvds>
National Oceanic and Atmospheric Administration, Tropical Prediction
Center/National Hurricane Center
</edomvds>
</edom>
</attrdomv>
<attrdomv>
<edom>
<edomv>Subtrop2</edomv>
<edomvd>
There is no given name for the storm because it was classified as a
subtropical depression or subtropical storm.  Subtrop2 is the second
subtropical cyclone for a given year.  A storm may initially be
identified as Subtrop2 but then be given a name if it develops into
a tropical storm; in this case there will be no storm identified as
Subtrop2 for the year even though there may be a storm identified as
Subtrop3.
</edomvd>
<edomvds>
National Oceanic and Atmospheric Administration, Tropical Prediction
Center/National Hurricane Center
</edomvds>
</edom>
</attrdomv>
<attrdomv>
<edom>
<edomv>Subtrop3</edomv>
<edomvd>
There is no given name for the storm because it was classified as a
subtropical depression or subtropical storm.  Subtrop3 is the third
subtropical cyclone for a given year.  A storm may initially be
identified as Subtrop3 but then be given a name if it develops into
a tropical storm; in this case there will be no storm identified as
Subtrop3 for the year even though there may be a storm identified as
Subtrop4.
</edomvd>
<edomvds>
National Oceanic and Atmospheric Administration, Tropical Prediction
Center/National Hurricane Center
</edomvds>
</edom>
</attrdomv>
<attrdomv>
<edom>
<edomv>Subtrop4</edomv>
<edomvd>
There is no given name for the storm because it was classified as a
subtropical depression or subtropical storm.  Subtrop4 is the fourth
subtropical cyclone for a given year.  A storm may initially be
identified as Subtrop4 but then be given a name if it develops into
a tropical storm; in this case there will be no storm identified as
Subtrop4 for the year.
</edomvd>
<edomvds>
National Oceanic and Atmospheric Administration, Tropical Prediction
Center/National Hurricane Center
</edomvds>
</edom>
</attrdomv>
<attrdomv>
<edom>
<edomv>Unnamed</edomv>
<edomvd>
Storms from 1950 or later may be unnamed if they were not recognized
as tropical storms or hurricanes at the time of their occurrence.
</edomvd>
<edomvds>
National Oceanic and Atmospheric Administration, Tropical Prediction
Center/National Hurricane Center
</edomvds>
</edom>
</attrdomv>
</attr>
<attr>
<attrlabl>Wind_kts</attrlabl>
<attrdef>
The measured or estimated windspeed at the time of the advisory, in
whole knots.
</attrdef>
<attrdefs>
National Oceanic and Atmospheric Administration, Tropical Prediction
Center/National Hurricane Center
</attrdefs>
<attrdomv>
<rdom>
<rdommin>10</rdommin>
<rdommax>165</rdommax>
</rdom>
</attrdomv>
</attr>
<attr>
<attrlabl>LONG_</attrlabl>
</attr>
<attr>
<attrlabl>Cat</attrlabl>
<attrdef>
The intensity classification of the storm.  Hurricanes are classified
according to the Saffir-Simpson Hurricane Scale.
</attrdef>
<attrdefs>
National Oceanic and Atmospheric Administration, Tropical Prediction
Center/National Hurricane Center
</attrdefs>
<attrdomv>
<edom>
<edomv>D</edomv>
<edomvd>
The storm was classified as a tropical disturbance at the time of
the advisory.  A tropical disturbance is a discrete tropical weather
system of apparently organized convection (i.e. thunderstorm
activity), which is generally 100 to 300 nautical miles in diameter.
It originates in the tropics or subtropics, has a nonfrontal
migratory character, and maintains its identity for 24 hours or
more.  It does not necessarily exhibit circulation, but may develop
into a tropical cyclone.
</edomvd>
<edomvds>
National Oceanic and Atmospheric Administration, Tropical Prediction
Center/National Hurricane Center
</edomvds>
</edom>
</attrdomv>
<attrdomv>
<edom>
<edomv>E</edomv>
<edomvd>
The storm was classified as Extratropical at the time of the
advisory.  Extratropical is a term used in advisories and tropical
summaries to indicate that a cyclone has lost its tropical
characteristics.  The term implies both that the cyclone has moved
out of the tropics and that the energy source driving the storm has
changed.  While tropical cyclones derive their energy from the
convection of warm, moist air, extratropical storms derive their
energy from the temperature contrast between warm and cold air
masses.  It is important to note that cyclones can become
extratropical and still retain winds of hurricane or tropical storm
force.
</edomvd>
<edomvds>
National Oceanic and Atmospheric Administration, Tropical Prediction
Center/National Hurricane Center
</edomvds>
</edom>
</attrdomv>
<attrdomv>
<edom>
<edomv>H1</edomv>
<edomvd>
The storm was classified as a Category 1 hurricane at the time of
the advisory.  A Category 1 hurricane is a tropical cyclone with
maximum sustained surface (10 meter) winds of 64 knots/74 mph to 82
knots/95 mph, inclusive.
</edomvd>
<edomvds>
National Oceanic and Atmospheric Administration, Tropical Prediction
Center/National Hurricane Center
</edomvds>
</edom>
</attrdomv>
<attrdomv>
<edom>
<edomv>H2</edomv>
<edomvd>
The storm was classified as a Category 2 hurricane at the time of
the advisory .  A Category 2 hurricane is a tropical cyclone with
maximum sustained surface (10 meter) winds of 83 knots/96 mph to 95
knots/110 mph, inclusive.
</edomvd>
<edomvds>
National Oceanic and Atmospheric Administration, Tropical Prediction
Center/National Hurricane Center
</edomvds>
</edom>
</attrdomv>
<attrdomv>
<edom>
<edomv>H3</edomv>
<edomvd>
The storm was classified as a Category 3 hurricane at the time of
the advisory.  A Category 3 hurricane is a tropical cyclone with
maximum sustained surface (10 meter) winds of 96 knots/111 mph to
113 knots/130 mph, inclusive.
</edomvd>
<edomvds>
National Oceanic and Atmospheric Administration, Tropical Prediction
Center/National Hurricane Center
</edomvds>
</edom>
</attrdomv>
<attrdomv>
<edom>
<edomv>H4</edomv>
<edomvd>
The storm was classified as a Category 4 hurricane at the time of
the advisory.  A Category 4 hurricane is a tropical cyclone with
maximum sustained surface (10 meter) winds of 114 knots/131 mph to
135 knots/155 mph, inclusive.
</edomvd>
<edomvds>
National Oceanic and Atmospheric Administration, Tropical Prediction
Center/National Hurricane Center
</edomvds>
</edom>
</attrdomv>
<attrdomv>
<edom>
<edomv>H5</edomv>
<edomvd>
The storm was classified as a Category 5 hurricane at the time of
the advisory.  A Category 5 hurricane is a tropical cyclone with
maximum sustained surface (10 meter) winds greater than 135 knots/
155 mph.
</edomvd>
<edomvds>
National Oceanic and Atmospheric Administration, Tropical Prediction
Center/National Hurricane Center
</edomvds>
</edom>
</attrdomv>
<attrdomv>
<edom>
<edomv>L</edomv>
<edomvd>
The storm was classified as a tropical low at the time of
the advisory.  A tropical low indicates low pressure at the surface,
but no other characteristics of a tropical cyclone are present.
</edomvd>
<edomvds>
National Oceanic and Atmospheric Administration, Tropical Prediction
Center/National Hurricane Center
</edomvds>
</edom>
</attrdomv>
<attrdomv>
<edom>
<edomv>SD</edomv>
<edomvd>
The storm was classified as a subtropical depression at the time of
the advisory.  A subtropical depression is a subtropical cyclone
with maximum sustained surface (10 meter) winds of less than 34
knots/39 mph.
</edomvd>
<edomvds>
National Oceanic and Atmospheric Administration, Tropical Prediction
Center/ National Hurricane Center
</edomvds>
</edom>
</attrdomv>
<attrdomv>
<edom>
<edomv>SS</edomv>
<edomvd>
The storm was classified as a subtropical storm at the time of the
advisory.  A subtropical storm is a subtropical cyclone with maximum
sustained surface (10 meter) winds of 34 knots/39 mph or greater.
</edomvd>
<edomvds>
National Oceanic and Atmospheric Administration, Tropical Prediction
Center/ National Hurricane Center
</edomvds>
</edom>
</attrdomv>
<attrdomv>
<edom>
<edomv>TD</edomv>
<edomvd>
The storm was classified as a tropical depression at the time of
the advisory.  A tropical depression is a tropical cyclone with
maximum sustained surface (10 meter) winds of less than 34 knots/
39 mph.
</edomvd>
<edomvds>
National Oceanic and Atmospheric Administration, Tropical Prediction
Center/National Hurricane Center
</edomvds>
</edom>
</attrdomv>
<attrdomv>
<edom>
<edomv>TS</edomv>
<edomvd>
The storm was classified as a tropical storm at the time of the
advisory.  A tropical storm is a tropical cyclone with maximum
sustained surface (10 meter) winds of 34 knots/39 mph to 64 knots/
73 mph, inclusive.
</edomvd>
<edomvds>
National Oceanic and Atmospheric Administration, Tropical Prediction
Center/National Hurricane Center
</edomvds>
</edom>
</attrdomv>
<attrdomv>
<edom>
<edomv>W</edomv>
<edomvd>
The storm was classified as a tropical wave at the time of the
advisory.  Tropical waves occur in the trade-wind easterlies, moving
to the west with a wave-like motion.  They show a detectable shift
in wind direction, which  may not be detectable at the surface but
may be seen in the middle atmosphere.  A tropical wave may develop
into a tropical cyclone.
</edomvd>
<edomvds>
National Oceanic and Atmospheric Administration, Tropical Prediction
Center/National Hurricane Center
</edomvds>
</edom>
</attrdomv>
</attr>
<attr>
<attrlabl>BASIN</attrlabl>
</attr>
<attr>
<attrlabl>YEAR_</attrlabl>
</attr>
<attr>
<attrlabl>Btid</attrlabl>
<attrdef>
The unique event identifier.  Identifiers are sequential, starting with
1 in June, 1851 and ending with 1320 in December, 2004.
</attrdef>
<attrdefs>
National Oceanic and Atmospheric Administration, Tropical Prediction
Center/National Hurricane Center
</attrdefs>
<attrdomv>
<rdom>
<rdommin>1</rdommin>
<rdommax>1353</rdommax>
</rdom>
</attrdomv>
</attr>
<attr>
<attrlabl>MONTH_</attrlabl>
</attr>
<attr>
<attrlabl>Lat</attrlabl>
<attrdef>
The latitude measurement of the storm&apos;s center, in tenths of decimal
degrees.
</attrdef>
<attrdefs>
National Oceanic and Atmospheric Administration, Tropical Prediction
Center/National Hurricane Center
</attrdefs>
<attrdomv>
<rdom>
<rdommin>7.2</rdommin>
<rdommax>70.7</rdommax>
</rdom>
</attrdomv>
</attr>
<attr>
<attrlabl>DAY_</attrlabl>
</attr>
<attr>
<attrlabl>Pressure</attrlabl>
<attrdef>
The measured or estimated barometric pressure at the time of the
advisory, in millibars.  A value of 0 indicates the barometric pressure
is unknown.
</attrdef>
<attrdefs>
National Oceanic and Atmospheric Administration, Tropical Prediction
Center/National Hurricane Center
</attrdefs>
<attrdomv>
<rdom>
<rdommin>0</rdommin>
<rdommax>1024</rdommax>
</rdom>
</attrdomv>
</attr>
<attr>
<attrlabl>FID</attrlabl>
<attrdef>Internal feature number.</attrdef>
<attrdefs>ESRI</attrdefs>
<attrdomv>
<udom>Sequential unique whole numbers that are automatically generated.</udom>
</attrdomv>
</attr>
<attr>
<attrlabl>Shape_Leng</attrlabl>
</attr>
</detailed>
</eainfo>
<distinfo>
<distrib>
<cntinfo>
<cntorgp>
<cntorg>NOAA Coastal Services Center, National Oceanic and Atmospheric Administration</cntorg>
</cntorgp>
<cntaddr>
<addrtype>Mailing address</addrtype>
<address>2234 South Hobson Avenue</address>
<city>Charleston</city>
<state>SC</state>
<postal>29405-2413</postal>
</cntaddr>
<cntvoice>843-740-1200</cntvoice>
</cntinfo>
</distrib>
<resdesc>Downloadable Data</resdesc>
<distliab>
Although these data have been processed successfully on a computer system at
the National Oceanic and Atmospheric Administration, no warranty expressed
or implied is made by the National Oceanic and Atmospheric Administration
regarding the utility of the data on any other system, nor shall the act of
distribution constitute any such warranty.  No responsibility is assumed by
the National Oceanic and Atmospheric Administration in the use of these data.
</distliab>
<stdorder>
<digform>
<digtinfo>
<formname>ESRI Shapefile</formname>
<transize>3.125</transize>
</digtinfo>
<digtopt>
<onlinopt>
<computer>
<networka>
<networkr>&lt;http://www.csc.noaa.gov/hurricane_tracks&gt;</networkr>
</networka>
</computer>
</onlinopt>
</digtopt>
</digform>
<fees>There is no charge for the online option.</fees>
<ordering>
To obtain the data, visit the application online at
&lt;http://www.csc.noaa.gov/hurricane_tracks&gt;
</ordering>
</stdorder>
</distinfo>
<distinfo>
<distrib>
<cntinfo>
<cntorgp>
<cntorg>Louisiana Oil Spill Coordinator&apos;s Office</cntorg>
<cntper>David Gisclair</cntper>
</cntorgp>
<cntpos>Technical Assistance Program (TAP) Director</cntpos>
<cntaddr>
<addrtype>mailing address</addrtype>
<address>Louisiana Oil Spill Coordinator&apos;s Office</address>
<address>Office of the Governor</address>
<address>P.O. Box 94095</address>
<city>Baton Rouge</city>
<state>LA</state>
<postal>70804</postal>
<country>USA</country>
</cntaddr>
<cntvoice>(225) 219-5800</cntvoice>
<cntfax>(225) 219-5802</cntfax>
<cntemail>dgisclair@losco.state.la.us</cntemail>
<hours>0800-1700 CST</hours>
</cntinfo>
</distrib>
<resdesc>atlantic_hurricane_tracks_1851_2005_NOAA_2006</resdesc>
<distliab>
The data herein, including but not limited to geographic data, tabular data, analytical data, electronic data structures or files, are provided &quot;as is&quot; without warranty of any kind, either expressed or implied, or statutory, including, but not limited to, the implied warranties or merchantability and fitness for a particular purpose. The entire risk as to the quality and performance of the data is assumed by the user. No guarantee of accuracy is granted, nor is any responsibility for reliance thereon assumed. In no event shall the Louisiana Oil Spill Coordinator&apos;s Office (LOSCO) be liable for direct, indirect, incidental, consequential or special damages of any kind, including, but not limited to, loss of anticipated profits or benefits arising out of use of or reliance on the data. The LOSCO does not accept liability for any damages or misrepresentation caused by inaccuracies in the data or as a result of changes to the data caused by system transfers or other transformations or conversions, nor is there responsibility assumed to maintain the data in any manner or form.
These data have been developed from the best available sources. Although efforts have been made to ensure that the data are accurate and reliable, errors and variable conditions originating from physical sources used to develop the data may be reflected in the data supplied. Users must be aware of these conditions and bear responsibility for the appropriate use of the information with respect to possible errors, scale, resolution, rectification, positional accuracy, development methodology, time period, environmental and climatic conditions and other circumstances specific to these data. The user is responsible for understanding the accuracy limitations of the data provided herein. The burden for determining fitness for use lies entirely with the user. The user should refer to the accompanying metadata notes for a description of the data and data development procedures.

Although these data have been processed successfully on computers at the LOSCO, no guarantee, expressed or implied, is made by LOSCO regarding the use of these data on any other system, nor does the act of distribution constitute or imply any such warranty. Distribution of these data is intended for information purposes and should not be considered authoritative for navigational, engineering, legal and other site-specific uses.
</distliab>
<stdorder>
<digform>
<digtinfo>
<formname>ARCGeo, shapefile, HTML</formname>
<formvern>9.2</formvern>
<formspec>ESRI Geodatabase and shapefile, HTML</formspec>
<formcont>Geometry, attributes, and metadata</formcont>
<filedec>no compression applied</filedec>
<transize>3.125</transize>
</digtinfo>
<digtopt>
<onlinopt>
<computer>
<networka>
<networkr>http://lagic.lsu.edu/data/losco/atlantic_hurricane_tracks_1851_2005_NOAA_2006.zip</networkr>
</networka>
</computer>
</onlinopt>
<offoptn>
<offmedia>DVD-ROM</offmedia>
</offoptn>
</digtopt>
</digform>
<ordering>To obtain more information about ordering this data on DVD-ROM, please visit http://lagic.lsu.edu/loscoweb/ for more information.</ordering>
</stdorder>
</distinfo>
<metainfo>
<metd>20070821</metd>
<metc>
<cntinfo>
<cntorgp>
<cntorg>NOAA Coastal Services Center</cntorg>
</cntorgp>
<cntaddr>
<addrtype>mailing and physical address</addrtype>
<address>2234 South Hobson Avenue</address>
<city>Charleston</city>
<state>SC</state>
<postal>29405-2413</postal>
<country>USA</country>
</cntaddr>
<cntvoice>843-740-1200</cntvoice>
<cntfax>843-740-1315</cntfax>
<cntemail>clearinghouse@csc.noaa.gov</cntemail>
<hours>Monday - Friday 8:00 AM - 5:00 PM Eastern Time</hours>
</cntinfo>
</metc>
<metstdn>FGDC Content Standards for Digital Geospatial Metadata</metstdn>
<metstdv>FGDC-STD-001-1998</metstdv>
<mettc>local time</mettc>
<metsi>
<metscs>None</metscs>
<metsc>Unclassified</metsc>
<metshd>None</metshd>
</metsi>
<metextns>
<onlink>http://www.esri.com/metadata/esriprof80.html</onlink>
<metprof>ESRI Metadata Profile</metprof>
</metextns>
</metainfo>
</metadata>
